{"stats":{"minecraft:custom":{"minecraft:time_since_rest":124,"minecraft:crouch_one_cm":6412,"minecraft:sprint_one_cm":22192,"minecraft:play_time":67985,"minecraft:deaths":1,"minecraft:damage_taken":105,"minecraft:walk_one_cm":36370,"minecraft:sneak_time":1379,"minecraft:mob_kills":12,"minecraft:drop":2,"minecraft:jump":157,"minecraft:damage_dealt":1847,"minecraft:leave_game":4,"minecraft:time_since_death":122,"minecraft:total_world_time":67985,"minecraft:talked_to_villager":8,"minecraft:fly_one_cm":70814},"minecraft:picked_up":{"minecraft:coarse_dirt":1,"minecraft:light_gray_concrete":8,"minecraft:rotten_flesh":3,"minecraft:glow_ink_sac":1,"modminds:dedita_naranja":1,"modminds:casino_spawn_egg":1,"pacomodsforge:dedita_mision":1,"minecraft:rooted_dirt":3,"dedsafio3:dedita_mision":3,"minecraft:dirt":27},"minecraft:used":{"minecraft:moss_block":141,"minecraft:black_concrete":1,"minecraft:dirt":25,"minecraft:birch_pressure_plate":4,"minecraft:spruce_door":1,"minecraft:command_block":3,"dedsafio3:healingsword":18,"minecraft:grass_block":23,"dedsafio3:bomba_r_voladora_spawn_egg":2,"minecraft:barrier":1,"dedsafio3:spawner_spawn_egg":1,"stalwart_dungeons:tungsten_sword":8,"modminds:casino_spawn_egg":7,"minecraft:redstone_block":9},"minecraft:dropped":{"dedsafio3:dedita_mision":2},"minecraft:killed":{"minecraft:husk":4,"minecraft:villager":6,"minecraft:zombie_villager":1}},"DataVersion":3465}