{"stats":{"minecraft:custom":{"minecraft:time_since_rest":44713,"minecraft:crouch_one_cm":6101,"minecraft:sprint_one_cm":17787,"minecraft:play_time":44713,"minecraft:damage_taken":105,"minecraft:walk_one_cm":26181,"minecraft:sneak_time":1140,"minecraft:mob_kills":4,"minecraft:jump":128,"minecraft:damage_dealt":630,"minecraft:leave_game":3,"minecraft:time_since_death":44713,"minecraft:total_world_time":44713,"minecraft:talked_to_villager":1,"minecraft:fly_one_cm":38235},"minecraft:picked_up":{"minecraft:coarse_dirt":1,"minecraft:light_gray_concrete":8,"minecraft:rotten_flesh":3,"minecraft:glow_ink_sac":1,"modminds:casino_spawn_egg":1,"minecraft:rooted_dirt":3,"minecraft:dirt":27},"minecraft:used":{"minecraft:moss_block":141,"minecraft:dirt":25,"minecraft:spruce_door":1,"minecraft:command_block":2,"minecraft:grass_block":23,"dedsafio3:bomba_r_voladora_spawn_egg":2,"dedsafio3:spawner_spawn_egg":1,"stalwart_dungeons:tungsten_sword":8,"minecraft:redstone_block":1},"minecraft:killed":{"minecraft:husk":4}},"DataVersion":3465}