{"stats":{"minecraft:dropped":{"dedsafio_3:armadura_infernal_helmet":1,"dedsafio3:healingsword":1,"dedsafio_3:armadura_infernal_chestplate":1,"modminds:dedita_naranja":1,"dedsafio_3:armadura_infernal_boots":1,"dedsafio3:dedita_mision":2,"dedsafio_3:armadura_infernal_leggings":1},"minecraft:used":{"minecraft:moss_block":145,"minecraft:light":15,"minecraft:black_concrete":1,"minecraft:spruce_door":1,"minecraft:command_block":3,"dedsafio3:healingsword":24,"minecraft:grass_block":23,"minecraft:barrier":1,"dedsafio3:spawner_spawn_egg":1,"stalwart_dungeons:tungsten_sword":8,"minecraft:redstone_block":9,"dedsafio_3:taxi":4,"minecraft:dirt":25,"minecraft:birch_pressure_plate":4,"minecraft:crafting_table":1,"dedsafio3:bomba_r_voladora_spawn_egg":2,"dedsafio_3:infernal_sword":1,"modminds:casino_spawn_egg":12,"dedsafio_3:fogata_spawn_egg":12},"minecraft:picked_up":{"dedsafio_3:armadura_infernal_boots":1,"minecraft:coarse_dirt":1,"minecraft:barrier":2,"minecraft:redstone_block":1,"minecraft:glow_ink_sac":1,"dedsafio_3:taxi":3,"modminds:dedita_naranja":66,"modminds:casino_spawn_egg":3,"dedsafio_3:armadura_infernal_chestplate":1,"dedsafio3:deditacasino":65,"pacomodsforge:dedita_mision":3,"minecraft:grass_block":2,"dedsafio3:dedita_mision":5,"minecraft:dirt":27,"pacomodsforge:deditacasino":64,"minecraft:birch_pressure_plate":1,"minecraft:light_gray_concrete":8,"dedsafio_3:armadura_infernal_helmet":1,"minecraft:command_block":1,"minecraft:rotten_flesh":3,"minecraft:black_concrete":1,"dedsafio_3:armadura_infernal_leggings":1,"minecraft:rooted_dirt":3,"minecraft:moss_block":2,"dedsafio3:healingsword":2},"minecraft:killed":{"minecraft:husk":4,"minecraft:zombie_villager":1,"minecraft:villager":6,"dedsafio_3:creeper_cake":4,"dedsafio_3:taxi_23":1},"minecraft:custom":{"minecraft:time_since_rest":30709,"minecraft:sprint_one_cm":30818,"minecraft:damage_taken":105,"minecraft:walk_one_cm":47924,"minecraft:mob_kills":17,"minecraft:drop":8,"minecraft:damage_dealt":2247,"minecraft:swim_one_cm":1122,"minecraft:interact_with_crafting_table":1,"minecraft:talked_to_villager":8,"minecraft:fly_one_cm":158970,"minecraft:crouch_one_cm":6998,"minecraft:play_time":98570,"minecraft:walk_under_water_one_cm":928,"minecraft:deaths":1,"minecraft:sneak_time":1714,"minecraft:jump":203,"minecraft:leave_game":8,"minecraft:walk_on_water_one_cm":76,"minecraft:time_since_death":30707,"minecraft:total_world_time":98570}},"DataVersion":3465}