{"stats":{"minecraft:custom":{"minecraft:jump":46,"minecraft:time_since_rest":28392,"minecraft:crouch_one_cm":679,"minecraft:leave_game":2,"minecraft:play_time":28392,"minecraft:sprint_one_cm":13313,"minecraft:time_since_death":28392,"minecraft:walk_one_cm":19842,"minecraft:sneak_time":124,"minecraft:total_world_time":28392,"minecraft:fly_one_cm":27937},"minecraft:picked_up":{"modminds:casino_spawn_egg":1,"minecraft:coarse_dirt":1,"minecraft:glow_ink_sac":1},"minecraft:used":{"minecraft:dirt":1,"minecraft:spruce_door":1}},"DataVersion":3465}