{"stats":{"minecraft:picked_up":{"minecraft:coarse_dirt":1,"minecraft:barrier":2,"minecraft:redstone_block":1,"minecraft:glow_ink_sac":1,"modminds:dedita_naranja":65,"modminds:casino_spawn_egg":3,"dedsafio3:deditacasino":65,"pacomodsforge:dedita_mision":3,"minecraft:grass_block":2,"dedsafio3:dedita_mision":5,"minecraft:dirt":27,"pacomodsforge:deditacasino":64,"minecraft:birch_pressure_plate":1,"minecraft:light_gray_concrete":8,"minecraft:command_block":1,"minecraft:rotten_flesh":3,"minecraft:black_concrete":1,"minecraft:rooted_dirt":3,"minecraft:moss_block":2,"dedsafio3:healingsword":2},"minecraft:killed":{"minecraft:husk":4,"minecraft:zombie_villager":1,"minecraft:villager":6,"dedsafio_3:creeper_cake":4},"minecraft:custom":{"minecraft:time_since_rest":9547,"minecraft:sprint_one_cm":29239,"minecraft:damage_taken":105,"minecraft:walk_one_cm":42793,"minecraft:mob_kills":16,"minecraft:drop":3,"minecraft:damage_dealt":2237,"minecraft:talked_to_villager":8,"minecraft:fly_one_cm":115197,"minecraft:crouch_one_cm":6412,"minecraft:play_time":77408,"minecraft:deaths":1,"minecraft:sneak_time":1475,"minecraft:jump":182,"minecraft:leave_game":6,"minecraft:time_since_death":9545,"minecraft:total_world_time":77408},"minecraft:dropped":{"dedsafio3:healingsword":1,"dedsafio3:dedita_mision":2},"minecraft:used":{"minecraft:moss_block":145,"minecraft:light":15,"minecraft:black_concrete":1,"minecraft:spruce_door":1,"minecraft:command_block":3,"dedsafio3:healingsword":24,"minecraft:grass_block":23,"minecraft:barrier":1,"dedsafio3:spawner_spawn_egg":1,"stalwart_dungeons:tungsten_sword":8,"minecraft:redstone_block":9,"minecraft:dirt":25,"minecraft:birch_pressure_plate":4,"dedsafio3:bomba_r_voladora_spawn_egg":2,"modminds:casino_spawn_egg":12}},"DataVersion":3465}