{"stats":{"minecraft:custom":{"minecraft:time_since_rest":4601,"minecraft:sprint_one_cm":23612,"minecraft:walk_one_cm":41356,"minecraft:damage_taken":105,"minecraft:mob_kills":12,"minecraft:drop":2,"minecraft:damage_dealt":1847,"minecraft:talked_to_villager":8,"minecraft:fly_one_cm":70897,"minecraft:crouch_one_cm":6412,"minecraft:play_time":72462,"minecraft:deaths":1,"minecraft:sneak_time":1382,"minecraft:jump":158,"minecraft:leave_game":5,"minecraft:time_since_death":4599,"minecraft:total_world_time":72462},"minecraft:picked_up":{"minecraft:coarse_dirt":1,"minecraft:barrier":2,"minecraft:redstone_block":1,"minecraft:glow_ink_sac":1,"modminds:dedita_naranja":65,"modminds:casino_spawn_egg":3,"dedsafio3:deditacasino":65,"pacomodsforge:dedita_mision":3,"minecraft:grass_block":2,"dedsafio3:dedita_mision":5,"minecraft:dirt":27,"pacomodsforge:deditacasino":64,"minecraft:birch_pressure_plate":1,"minecraft:light_gray_concrete":8,"minecraft:command_block":1,"minecraft:rotten_flesh":3,"minecraft:black_concrete":1,"minecraft:rooted_dirt":3,"minecraft:moss_block":2,"dedsafio3:healingsword":1},"minecraft:used":{"minecraft:moss_block":145,"minecraft:black_concrete":1,"minecraft:spruce_door":1,"minecraft:command_block":3,"minecraft:grass_block":23,"dedsafio3:healingsword":18,"minecraft:barrier":1,"dedsafio3:spawner_spawn_egg":1,"stalwart_dungeons:tungsten_sword":8,"minecraft:redstone_block":9,"minecraft:dirt":25,"minecraft:birch_pressure_plate":4,"dedsafio3:bomba_r_voladora_spawn_egg":2,"modminds:casino_spawn_egg":12},"minecraft:dropped":{"dedsafio3:dedita_mision":2},"minecraft:killed":{"minecraft:husk":4,"minecraft:zombie_villager":1,"minecraft:villager":6}},"DataVersion":3465}