{"stats":{"minecraft:custom":{"minecraft:time_since_rest":56713,"minecraft:crouch_one_cm":6101,"minecraft:sprint_one_cm":18302,"minecraft:play_time":56713,"minecraft:damage_taken":105,"minecraft:walk_one_cm":30282,"minecraft:sneak_time":1140,"minecraft:mob_kills":9,"minecraft:jump":139,"minecraft:damage_dealt":1297,"minecraft:leave_game":3,"minecraft:time_since_death":56713,"minecraft:total_world_time":56713,"minecraft:talked_to_villager":6,"minecraft:fly_one_cm":38235},"minecraft:picked_up":{"minecraft:coarse_dirt":1,"minecraft:light_gray_concrete":8,"minecraft:rotten_flesh":3,"minecraft:glow_ink_sac":1,"modminds:dedita_naranja":1,"modminds:casino_spawn_egg":1,"minecraft:rooted_dirt":3,"minecraft:dirt":27},"minecraft:used":{"minecraft:moss_block":141,"minecraft:dirt":25,"minecraft:spruce_door":1,"minecraft:command_block":2,"dedsafio3:healingsword":9,"minecraft:grass_block":23,"dedsafio3:bomba_r_voladora_spawn_egg":2,"dedsafio3:spawner_spawn_egg":1,"stalwart_dungeons:tungsten_sword":8,"minecraft:redstone_block":5},"minecraft:killed":{"minecraft:husk":4,"minecraft:villager":3,"minecraft:zombie_villager":1}},"DataVersion":3465}