{"stats":{"minecraft:dropped":{"modminds:nutritotem":1},"minecraft:used":{"dedsafio3:bomba_n_voladora_spawn_egg":1,"minecraft:moss_block":2,"minecraft:grass_block":6,"minecraft:rooted_dirt":7,"minecraft:barrier":1,"minecraft:goat_spawn_egg":1,"minecraft:coarse_dirt":1},"minecraft:killed":{"minecraft:goat":1},"minecraft:killed_by":{"minecraft:skeleton":1,"minecraft:zombie":2},"minecraft:picked_up":{"minecraft:barrier":2,"modminds:nutritotem":60,"minecraft:rooted_dirt":2,"minecraft:goat_spawn_egg":2},"minecraft:custom":{"minecraft:time_since_rest":6695,"minecraft:damage_absorbed":400,"minecraft:crouch_one_cm":827,"minecraft:sprint_one_cm":27514,"minecraft:play_time":74912,"minecraft:deaths":6,"minecraft:damage_taken":3230,"minecraft:walk_one_cm":24044,"minecraft:sneak_time":449,"minecraft:mob_kills":1,"minecraft:drop":1,"minecraft:jump":403,"minecraft:damage_dealt":117,"minecraft:leave_game":16,"minecraft:walk_on_water_one_cm":801,"minecraft:time_since_death":6690,"minecraft:total_world_time":74912,"minecraft:fall_one_cm":25636,"minecraft:fly_one_cm":147528}},"DataVersion":3465}