{"stats":{"minecraft:crafted":{"minecraft:emerald":64,"minecraft:air":0},"minecraft:custom":{"minecraft:time_since_rest":33354,"minecraft:sprint_one_cm":62206,"minecraft:walk_one_cm":65131,"minecraft:damage_taken":303710,"minecraft:damage_absorbed":560,"minecraft:mob_kills":38,"minecraft:drop":17,"minecraft:damage_dealt":8109,"minecraft:traded_with_villager":64,"minecraft:talked_to_villager":9,"minecraft:fly_one_cm":260712,"minecraft:crouch_one_cm":7862,"minecraft:play_time":143691,"minecraft:deaths":7,"minecraft:sneak_time":2393,"minecraft:jump":1118,"minecraft:leave_game":23,"minecraft:walk_on_water_one_cm":801,"minecraft:time_since_death":33351,"minecraft:total_world_time":143691,"minecraft:fall_one_cm":32044},"minecraft:picked_up":{"minecraft:barrier":3,"modminds:dedita_naranja":2,"minecraft:leather":2,"minecraft:lead":2,"minecraft:potato":1,"minecraft:rotten_flesh":21,"minecraft:diamond_chestplate":2,"minecraft:diamond_leggings":3,"minecraft:diamond_boots":5,"minecraft:totem_of_undying":1,"modminds:nutritotem":60,"minecraft:diamond_helmet":1,"minecraft:rooted_dirt":2,"minecraft:moss_block":8,"minecraft:goat_spawn_egg":2},"minecraft:used":{"minecraft:glow_squid_spawn_egg":1,"dedsafio3:bomba_n_voladora_spawn_egg":1,"minecraft:moss_block":222,"minecraft:netherite_sword":92,"minecraft:diamond_boots":2,"minecraft:villager_spawn_egg":1,"minecraft:spruce_door":2,"minecraft:chorus_fruit":12,"minecraft:grass_block":106,"minecraft:rooted_dirt":9,"minecraft:oak_button":1,"minecraft:barrier":14,"minecraft:diamond_chestplate":1,"modminds:espada_infernal_curativa":8,"minecraft:dirt":10,"minecraft:smithing_table":1,"minecraft:diamond_helmet":2,"minecraft:goat_spawn_egg":1,"modminds:casino_spawn_egg":1,"minecraft:coarse_dirt":33,"minecraft:diamond_leggings":2},"minecraft:dropped":{"modminds:dedita_naranja":3,"modminds:nutritotem":1,"minecraft:diamond_chestplate":2,"minecraft:diamond_leggings":3,"minecraft:diamond_helmet":1,"minecraft:barrier":1,"minecraft:diamond_boots":5,"minecraft:totem_of_undying":1},"minecraft:killed":{"dedsafio3:spawner":1,"minecraft:husk":29,"minecraft:trader_llama":2,"minecraft:goat":1,"minecraft:zombie":1,"minecraft:glow_squid":1,"minecraft:wandering_trader":1,"minecraft:villager":1,"minecraft:ocelot":1},"minecraft:killed_by":{"minecraft:skeleton":1,"minecraft:zombie":2}},"DataVersion":3465}