{"stats":{"minecraft:mined":{"minecraft:jungle_planks":1,"minecraft:sand":3},"minecraft:killed_by":{"minecraft:skeleton":1,"minecraft:creeper":2,"minecraft:zombie":2},"minecraft:dropped":{"modminds:nutritotem":1,"minecraft:diamond_leggings":3,"minecraft:barrier":1,"minecraft:rooted_dirt":1,"minecraft:totem_of_undying":4,"minecraft:golden_apple":64,"modminds:dedita_naranja":3,"minecraft:stone":1,"pacomodsforge:dedita_mision":4,"minecraft:diamond_chestplate":2,"minecraft:chest":1,"minecraft:diamond_helmet":1,"minecraft:diamond_boots":5,"minecraft:red_nether_bricks":1,"dedsafio3:dedita_mision":4,"minecraft:white_wool":1},"minecraft:used":{"minecraft:moss_block":278,"minecraft:netherite_sword":92,"minecraft:rose_bush":16,"minecraft:acacia_log":17,"minecraft:flint_and_steel":3,"minecraft:diamond_boots":2,"minecraft:spruce_door":2,"minecraft:chorus_fruit":12,"minecraft:red_nether_bricks":20,"minecraft:chest":1,"minecraft:white_wool":10,"modminds:espada_infernal_curativa":8,"minecraft:dirt":16,"minecraft:sand":1,"minecraft:tnt":3,"minecraft:jungle_planks":4,"minecraft:jungle_slab":11,"minecraft:diamond_helmet":2,"minecraft:gray_concrete":8,"modminds:casino_spawn_egg":2,"minecraft:creeper_spawn_egg":54,"minecraft:glow_squid_spawn_egg":1,"dedsafio3:bomba_n_voladora_spawn_egg":1,"minecraft:wooden_axe":10,"minecraft:cyan_terracotta":17,"minecraft:villager_spawn_egg":1,"minecraft:rooted_dirt":10,"minecraft:lantern":2,"minecraft:grass_block":121,"minecraft:barrier":16,"minecraft:oak_button":1,"minecraft:smooth_basalt":1,"minecraft:diamond_chestplate":1,"minecraft:smithing_table":1,"minecraft:trapped_chest":1,"minecraft:acacia_wood":5,"minecraft:goat_spawn_egg":1,"minecraft:coarse_dirt":34,"minecraft:cobbled_deepslate":91,"minecraft:powder_snow_bucket":17,"minecraft:diamond_leggings":2},"minecraft:picked_up":{"minecraft:wooden_axe":1,"minecraft:barrier":3,"modminds:dedita_naranja":2,"minecraft:leather":3,"minecraft:lead":3,"minecraft:potato":1,"minecraft:acacia_wood":6,"pacomodsforge:dedita_mision":3,"dedsafio3:dedita_mision":3,"minecraft:gray_concrete":1,"minecraft:dirt":15,"minecraft:flint_and_steel":1,"minecraft:red_nether_bricks":1,"minecraft:wheat_seeds":1,"minecraft:diamond_leggings":3,"minecraft:cobbled_deepslate":1,"modminds:nutritotem":62,"minecraft:diamond_helmet":1,"minecraft:moss_block":12,"minecraft:chest":1,"minecraft:stick":1,"minecraft:smooth_basalt":1,"minecraft:acacia_log":64,"minecraft:sand":65,"minecraft:jungle_planks":1,"minecraft:jungle_slab":2,"minecraft:tnt":1,"minecraft:diamond_chestplate":2,"minecraft:rotten_flesh":21,"minecraft:diamond_boots":5,"minecraft:cyan_terracotta":2,"minecraft:golden_apple":159,"minecraft:totem_of_undying":14,"minecraft:rooted_dirt":3,"minecraft:goat_spawn_egg":2,"minecraft:white_wool":1,"minecraft:cobblestone":2},"minecraft:custom":{"minecraft:mob_kills":40,"minecraft:traded_with_villager":64,"minecraft:interact_with_crafting_table":3,"minecraft:leave_game":44,"minecraft:time_since_death":64817,"minecraft:climb_one_cm":353,"minecraft:time_since_rest":64821,"minecraft:open_enderchest":3,"minecraft:sprint_one_cm":125493,"minecraft:walk_one_cm":111381,"minecraft:damage_taken":304300,"minecraft:damage_absorbed":560,"minecraft:trigger_trapped_chest":5,"minecraft:drop":34,"minecraft:damage_dealt":8687,"minecraft:swim_one_cm":4367,"minecraft:talked_to_villager":12,"minecraft:fly_one_cm":1008197,"minecraft:open_chest":2,"minecraft:crouch_one_cm":12963,"minecraft:play_time":305612,"minecraft:deaths":11,"minecraft:sneak_time":6489,"minecraft:walk_under_water_one_cm":5808,"minecraft:jump":2275,"minecraft:walk_on_water_one_cm":2460,"minecraft:total_world_time":305612,"minecraft:fall_one_cm":36108},"minecraft:crafted":{"minecraft:emerald":64,"minecraft:air":0},"minecraft:killed":{"dedsafio3:spawner":1,"minecraft:husk":29,"minecraft:wandering_trader":2,"minecraft:trader_llama":3,"minecraft:goat":1,"minecraft:zombie":1,"minecraft:glow_squid":1,"minecraft:villager":1,"minecraft:ocelot":1}},"DataVersion":3465}