{"stats":{"minecraft:custom":{"minecraft:time_since_rest":23868,"minecraft:damage_absorbed":400,"minecraft:crouch_one_cm":4799,"minecraft:sprint_one_cm":31662,"minecraft:play_time":92085,"minecraft:deaths":6,"minecraft:damage_taken":3230,"minecraft:walk_one_cm":33166,"minecraft:sneak_time":1351,"minecraft:mob_kills":1,"minecraft:drop":1,"minecraft:jump":451,"minecraft:damage_dealt":117,"minecraft:leave_game":18,"minecraft:walk_on_water_one_cm":801,"minecraft:time_since_death":23863,"minecraft:total_world_time":92085,"minecraft:fall_one_cm":25636,"minecraft:fly_one_cm":160679},"minecraft:picked_up":{"minecraft:barrier":2,"modminds:nutritotem":60,"minecraft:rooted_dirt":2,"minecraft:goat_spawn_egg":2},"minecraft:used":{"dedsafio3:bomba_n_voladora_spawn_egg":1,"minecraft:moss_block":133,"minecraft:dirt":10,"minecraft:grass_block":6,"minecraft:rooted_dirt":7,"minecraft:barrier":1,"minecraft:goat_spawn_egg":1,"minecraft:coarse_dirt":19},"minecraft:killed":{"minecraft:goat":1},"minecraft:dropped":{"modminds:nutritotem":1},"minecraft:killed_by":{"minecraft:skeleton":1,"minecraft:zombie":2}},"DataVersion":3465}