{"stats":{"minecraft:custom":{"minecraft:time_since_rest":21354,"minecraft:sprint_one_cm":54265,"minecraft:walk_one_cm":60077,"minecraft:damage_taken":303710,"minecraft:damage_absorbed":560,"minecraft:mob_kills":36,"minecraft:drop":13,"minecraft:damage_dealt":7697,"minecraft:talked_to_villager":4,"minecraft:fly_one_cm":245551,"minecraft:crouch_one_cm":7807,"minecraft:play_time":131691,"minecraft:deaths":7,"minecraft:sneak_time":2294,"minecraft:jump":988,"minecraft:leave_game":23,"minecraft:walk_on_water_one_cm":801,"minecraft:time_since_death":21351,"minecraft:total_world_time":131691,"minecraft:fall_one_cm":32044},"minecraft:picked_up":{"minecraft:barrier":3,"minecraft:leather":2,"minecraft:lead":2,"minecraft:potato":1,"minecraft:rotten_flesh":19,"minecraft:diamond_chestplate":2,"minecraft:diamond_leggings":3,"minecraft:diamond_boots":5,"modminds:nutritotem":60,"minecraft:diamond_helmet":1,"minecraft:rooted_dirt":2,"minecraft:moss_block":8,"minecraft:goat_spawn_egg":2},"minecraft:used":{"minecraft:glow_squid_spawn_egg":1,"dedsafio3:bomba_n_voladora_spawn_egg":1,"minecraft:moss_block":222,"minecraft:netherite_sword":92,"minecraft:diamond_boots":2,"minecraft:villager_spawn_egg":1,"minecraft:spruce_door":2,"minecraft:chorus_fruit":12,"minecraft:grass_block":106,"minecraft:rooted_dirt":9,"minecraft:oak_button":1,"minecraft:barrier":14,"minecraft:diamond_chestplate":1,"modminds:espada_infernal_curativa":4,"minecraft:dirt":10,"minecraft:smithing_table":1,"minecraft:diamond_helmet":2,"minecraft:goat_spawn_egg":1,"modminds:casino_spawn_egg":1,"minecraft:coarse_dirt":33,"minecraft:diamond_leggings":2},"minecraft:dropped":{"modminds:nutritotem":1,"minecraft:diamond_chestplate":2,"minecraft:diamond_leggings":3,"minecraft:diamond_helmet":1,"minecraft:barrier":1,"minecraft:diamond_boots":5},"minecraft:killed":{"dedsafio3:spawner":1,"minecraft:husk":28,"minecraft:trader_llama":2,"minecraft:goat":1,"minecraft:glow_squid":1,"minecraft:wandering_trader":1,"minecraft:villager":1,"minecraft:ocelot":1},"minecraft:killed_by":{"minecraft:skeleton":1,"minecraft:zombie":2}},"DataVersion":3465}