{"stats":{"minecraft:picked_up":{"minecraft:barrier":3,"modminds:dedita_naranja":2,"minecraft:leather":2,"minecraft:lead":2,"minecraft:potato":1,"pacomodsforge:dedita_mision":3,"dedsafio3:dedita_mision":3,"minecraft:red_nether_bricks":1,"minecraft:diamond_leggings":3,"modminds:nutritotem":62,"minecraft:diamond_helmet":1,"minecraft:moss_block":8,"minecraft:chest":1,"minecraft:rotten_flesh":21,"minecraft:diamond_chestplate":2,"minecraft:diamond_boots":5,"minecraft:golden_apple":159,"minecraft:totem_of_undying":14,"minecraft:rooted_dirt":3,"minecraft:goat_spawn_egg":2,"minecraft:white_wool":1},"minecraft:killed":{"dedsafio3:spawner":1,"minecraft:husk":29,"minecraft:wandering_trader":1,"minecraft:trader_llama":2,"minecraft:goat":1,"minecraft:zombie":1,"minecraft:glow_squid":1,"minecraft:villager":1,"minecraft:ocelot":1},"minecraft:custom":{"minecraft:mob_kills":38,"minecraft:traded_with_villager":64,"minecraft:leave_game":37,"minecraft:time_since_death":61977,"minecraft:time_since_rest":61981,"minecraft:sprint_one_cm":78395,"minecraft:walk_one_cm":82471,"minecraft:damage_taken":303710,"minecraft:damage_absorbed":560,"minecraft:trigger_trapped_chest":5,"minecraft:drop":33,"minecraft:damage_dealt":8139,"minecraft:swim_one_cm":1838,"minecraft:talked_to_villager":11,"minecraft:fly_one_cm":537392,"minecraft:open_chest":2,"minecraft:crouch_one_cm":11682,"minecraft:play_time":219790,"minecraft:deaths":9,"minecraft:sneak_time":5380,"minecraft:walk_under_water_one_cm":1999,"minecraft:jump":1416,"minecraft:walk_on_water_one_cm":1119,"minecraft:total_world_time":219790,"minecraft:fall_one_cm":32311},"minecraft:dropped":{"modminds:nutritotem":1,"minecraft:diamond_leggings":3,"minecraft:barrier":1,"minecraft:rooted_dirt":1,"minecraft:totem_of_undying":4,"minecraft:golden_apple":64,"modminds:dedita_naranja":3,"pacomodsforge:dedita_mision":4,"minecraft:diamond_chestplate":2,"minecraft:chest":1,"minecraft:diamond_helmet":1,"minecraft:diamond_boots":5,"minecraft:red_nether_bricks":1,"minecraft:white_wool":1,"dedsafio3:dedita_mision":4},"minecraft:used":{"minecraft:moss_block":224,"minecraft:netherite_sword":92,"minecraft:acacia_log":2,"minecraft:diamond_boots":2,"minecraft:spruce_door":2,"minecraft:chorus_fruit":12,"minecraft:red_nether_bricks":20,"minecraft:chest":1,"minecraft:white_wool":10,"modminds:espada_infernal_curativa":8,"minecraft:dirt":10,"minecraft:sand":1,"minecraft:diamond_helmet":2,"modminds:casino_spawn_egg":2,"minecraft:glow_squid_spawn_egg":1,"dedsafio3:bomba_n_voladora_spawn_egg":1,"minecraft:villager_spawn_egg":1,"minecraft:grass_block":115,"minecraft:rooted_dirt":10,"minecraft:oak_button":1,"minecraft:barrier":16,"minecraft:smooth_basalt":1,"minecraft:diamond_chestplate":1,"minecraft:smithing_table":1,"minecraft:trapped_chest":1,"minecraft:goat_spawn_egg":1,"minecraft:coarse_dirt":34,"minecraft:powder_snow_bucket":17,"minecraft:diamond_leggings":2},"minecraft:crafted":{"minecraft:emerald":64,"minecraft:air":0},"minecraft:killed_by":{"minecraft:skeleton":1,"minecraft:zombie":2}},"DataVersion":3465}