{"stats":{"minecraft:custom":{"minecraft:time_since_rest":3840,"minecraft:sprint_one_cm":35126,"minecraft:walk_one_cm":47472,"minecraft:damage_taken":303660,"minecraft:damage_absorbed":560,"minecraft:mob_kills":2,"minecraft:drop":12,"minecraft:damage_dealt":217,"minecraft:fly_one_cm":183131,"minecraft:crouch_one_cm":4936,"minecraft:play_time":114177,"minecraft:deaths":7,"minecraft:sneak_time":1421,"minecraft:jump":502,"minecraft:leave_game":21,"minecraft:walk_on_water_one_cm":801,"minecraft:time_since_death":3837,"minecraft:total_world_time":114177,"minecraft:fall_one_cm":32044},"minecraft:picked_up":{"minecraft:barrier":2,"minecraft:diamond_chestplate":2,"minecraft:diamond_leggings":3,"minecraft:diamond_boots":5,"modminds:nutritotem":60,"minecraft:diamond_helmet":1,"minecraft:rooted_dirt":2,"minecraft:goat_spawn_egg":2},"minecraft:used":{"minecraft:glow_squid_spawn_egg":1,"dedsafio3:bomba_n_voladora_spawn_egg":1,"minecraft:moss_block":133,"minecraft:netherite_sword":1,"minecraft:diamond_boots":2,"minecraft:spruce_door":2,"minecraft:grass_block":6,"minecraft:rooted_dirt":9,"minecraft:barrier":1,"minecraft:oak_button":1,"minecraft:diamond_chestplate":1,"minecraft:dirt":10,"minecraft:diamond_helmet":2,"minecraft:goat_spawn_egg":1,"modminds:casino_spawn_egg":1,"minecraft:coarse_dirt":24,"minecraft:diamond_leggings":2},"minecraft:killed":{"minecraft:goat":1,"minecraft:glow_squid":1},"minecraft:dropped":{"modminds:nutritotem":1,"minecraft:diamond_chestplate":2,"minecraft:diamond_leggings":3,"minecraft:diamond_helmet":1,"minecraft:diamond_boots":5},"minecraft:killed_by":{"minecraft:skeleton":1,"minecraft:zombie":2}},"DataVersion":3465}