{"stats":{"minecraft:custom":{"minecraft:time_since_rest":35652,"minecraft:damage_absorbed":560,"minecraft:crouch_one_cm":4936,"minecraft:sprint_one_cm":34321,"minecraft:play_time":103869,"minecraft:deaths":6,"minecraft:damage_taken":303660,"minecraft:walk_one_cm":43006,"minecraft:sneak_time":1421,"minecraft:mob_kills":1,"minecraft:drop":1,"minecraft:jump":484,"minecraft:damage_dealt":117,"minecraft:leave_game":20,"minecraft:walk_on_water_one_cm":801,"minecraft:time_since_death":35647,"minecraft:total_world_time":103869,"minecraft:fall_one_cm":32044,"minecraft:fly_one_cm":169088},"minecraft:picked_up":{"minecraft:barrier":2,"modminds:nutritotem":60,"minecraft:rooted_dirt":2,"minecraft:goat_spawn_egg":2},"minecraft:used":{"dedsafio3:bomba_n_voladora_spawn_egg":1,"minecraft:moss_block":133,"minecraft:diamond_boots":1,"minecraft:dirt":10,"minecraft:spruce_door":2,"minecraft:grass_block":6,"minecraft:rooted_dirt":7,"minecraft:oak_button":1,"minecraft:barrier":1,"minecraft:diamond_helmet":1,"minecraft:goat_spawn_egg":1,"minecraft:coarse_dirt":19,"minecraft:diamond_leggings":1},"minecraft:killed":{"minecraft:goat":1},"minecraft:dropped":{"modminds:nutritotem":1},"minecraft:killed_by":{"minecraft:skeleton":1,"minecraft:zombie":2}},"DataVersion":3465}